steer_id,consumer_id,question,type,response,options,created_at
310237,128275,What is your preferred way to eat Spinach,Steer::SingleAnswer,,"Raw in salads/smoothies/sandwiches or wraps,Sauteed/wilted in a pan,Boiled,Baked,Steamed,In a stir-fry,Mixed into other cooking foods, ie Pasta/Rice/Cream,I don't eat Spinach,Other","17/4/2025, 10:18"
310237,109933,What is your preferred way to eat Spinach,Steer::SingleAnswer,,"Raw in salads/smoothies/sandwiches or wraps,Sauteed/wilted in a pan,Boiled,Baked,Steamed,In a stir-fry,Mixed into other cooking foods, ie Pasta/Rice/Cream,I don't eat Spinach,Other","17/4/2025, 10:11"
310237,128862,What is your preferred way to eat Spinach,Steer::SingleAnswer,,"Raw in salads/smoothies/sandwiches or wraps,Sauteed/wilted in a pan,Boiled,Baked,Steamed,In a stir-fry,Mixed into other cooking foods, ie Pasta/Rice/Cream,I don't eat Spinach,Other","17/4/2025, 09:56"
310237,149086,What is your preferred way to eat Spinach,Steer::SingleAnswer,,"Raw in salads/smoothies/sandwiches or wraps,Sauteed/wilted in a pan,Boiled,Baked,Steamed,In a stir-fry,Mixed into other cooking foods, ie Pasta/Rice/Cream,I don't eat Spinach,Other","17/4/2025, 09:40"
310237,122813,What is your preferred way to eat Spinach,Steer::SingleAnswer,Other,"Raw in salads/smoothies/sandwiches or wraps,Sauteed/wilted in a pan,Boiled,Baked,Steamed,In a stir-fry,Mixed into other cooking foods, ie Pasta/Rice/Cream,I don't eat Spinach,Other","17/4/2025, 10:05"
310237,141187,What is your preferred way to eat Spinach,Steer::SingleAnswer,Raw in salads/smoothies/sandwiches or wraps,"Raw in salads/smoothies/sandwiches or wraps,Sauteed/wilted in a pan,Boiled,Baked,Steamed,In a stir-fry,Mixed into other cooking foods, ie Pasta/Rice/Cream,I don't eat Spinach,Other","17/4/2025, 10:24"
310237,152741,What is your preferred way to eat Spinach,Steer::SingleAnswer,Raw in salads/smoothies/sandwiches or wraps,"Raw in salads/smoothies/sandwiches or wraps,Sauteed/wilted in a pan,Boiled,Baked,Steamed,In a stir-fry,Mixed into other cooking foods, ie Pasta/Rice/Cream,I don't eat Spinach,Other","17/4/2025, 10:22"
310237,41609,What is your preferred way to eat Spinach,Steer::SingleAnswer,Raw in salads/smoothies/sandwiches or wraps,"Raw in salads/smoothies/sandwiches or wraps,Sauteed/wilted in a pan,Boiled,Baked,Steamed,In a stir-fry,Mixed into other cooking foods, ie Pasta/Rice/Cream,I don't eat Spinach,Other","17/4/2025, 10:22"
310237,141651,What is your preferred way to eat Spinach,Steer::SingleAnswer,Raw in salads/smoothies/sandwiches or wraps,"Raw in salads/smoothies/sandwiches or wraps,Sauteed/wilted in a pan,Boiled,Baked,Steamed,In a stir-fry,Mixed into other cooking foods, ie Pasta/Rice/Cream,I don't eat Spinach,Other","17/4/2025, 10:21"
310237,7052,What is your preferred way to eat Spinach,Steer::SingleAnswer,Raw in salads/smoothies/sandwiches or wraps,"Raw in salads/smoothies/sandwiches or wraps,Sauteed/wilted in a pan,Boiled,Baked,Steamed,In a stir-fry,Mixed into other cooking foods, ie Pasta/Rice/Cream,I don't eat Spinach,Other","17/4/2025, 10:16"
310237,41686,What is your preferred way to eat Spinach,Steer::SingleAnswer,Raw in salads/smoothies/sandwiches or wraps,"Raw in salads/smoothies/sandwiches or wraps,Sauteed/wilted in a pan,Boiled,Baked,Steamed,In a stir-fry,Mixed into other cooking foods, ie Pasta/Rice/Cream,I don't eat Spinach,Other","17/4/2025, 10:16"
310237,167341,What is your preferred way to eat Spinach,Steer::SingleAnswer,Raw in salads/smoothies/sandwiches or wraps,"Raw in salads/smoothies/sandwiches or wraps,Sauteed/wilted in a pan,Boiled,Baked,Steamed,In a stir-fry,Mixed into other cooking foods, ie Pasta/Rice/Cream,I don't eat Spinach,Other","17/4/2025, 10:12"
310237,132083,What is your preferred way to eat Spinach,Steer::SingleAnswer,Raw in salads/smoothies/sandwiches or wraps,"Raw in salads/smoothies/sandwiches or wraps,Sauteed/wilted in a pan,Boiled,Baked,Steamed,In a stir-fry,Mixed into other cooking foods, ie Pasta/Rice/Cream,I don't eat Spinach,Other","17/4/2025, 10:09"
310237,10395,What is your preferred way to eat Spinach,Steer::SingleAnswer,Raw in salads/smoothies/sandwiches or wraps,"Raw in salads/smoothies/sandwiches or wraps,Sauteed/wilted in a pan,Boiled,Baked,Steamed,In a stir-fry,Mixed into other cooking foods, ie Pasta/Rice/Cream,I don't eat Spinach,Other","17/4/2025, 10:08"
310237,101673,What is your preferred way to eat Spinach,Steer::SingleAnswer,Raw in salads/smoothies/sandwiches or wraps,"Raw in salads/smoothies/sandwiches or wraps,Sauteed/wilted in a pan,Boiled,Baked,Steamed,In a stir-fry,Mixed into other cooking foods, ie Pasta/Rice/Cream,I don't eat Spinach,Other","17/4/2025, 10:08"
310237,152254,What is your preferred way to eat Spinach,Steer::SingleAnswer,Raw in salads/smoothies/sandwiches or wraps,"Raw in salads/smoothies/sandwiches or wraps,Sauteed/wilted in a pan,Boiled,Baked,Steamed,In a stir-fry,Mixed into other cooking foods, ie Pasta/Rice/Cream,I don't eat Spinach,Other","17/4/2025, 10:06"
310237,51215,What is your preferred way to eat Spinach,Steer::SingleAnswer,Raw in salads/smoothies/sandwiches or wraps,"Raw in salads/smoothies/sandwiches or wraps,Sauteed/wilted in a pan,Boiled,Baked,Steamed,In a stir-fry,Mixed into other cooking foods, ie Pasta/Rice/Cream,I don't eat Spinach,Other","17/4/2025, 10:02"
310237,134850,What is your preferred way to eat Spinach,Steer::SingleAnswer,Raw in salads/smoothies/sandwiches or wraps,"Raw in salads/smoothies/sandwiches or wraps,Sauteed/wilted in a pan,Boiled,Baked,Steamed,In a stir-fry,Mixed into other cooking foods, ie Pasta/Rice/Cream,I don't eat Spinach,Other","17/4/2025, 09:58"
310237,119435,What is your preferred way to eat Spinach,Steer::SingleAnswer,Raw in salads/smoothies/sandwiches or wraps,"Raw in salads/smoothies/sandwiches or wraps,Sauteed/wilted in a pan,Boiled,Baked,Steamed,In a stir-fry,Mixed into other cooking foods, ie Pasta/Rice/Cream,I don't eat Spinach,Other","17/4/2025, 09:57"
310237,34285,What is your preferred way to eat Spinach,Steer::SingleAnswer,Raw in salads/smoothies/sandwiches or wraps,"Raw in salads/smoothies/sandwiches or wraps,Sauteed/wilted in a pan,Boiled,Baked,Steamed,In a stir-fry,Mixed into other cooking foods, ie Pasta/Rice/Cream,I don't eat Spinach,Other","17/4/2025, 09:56"
310237,163271,What is your preferred way to eat Spinach,Steer::SingleAnswer,Raw in salads/smoothies/sandwiches or wraps,"Raw in salads/smoothies/sandwiches or wraps,Sauteed/wilted in a pan,Boiled,Baked,Steamed,In a stir-fry,Mixed into other cooking foods, ie Pasta/Rice/Cream,I don't eat Spinach,Other","17/4/2025, 09:52"
310237,125277,What is your preferred way to eat Spinach,Steer::SingleAnswer,Raw in salads/smoothies/sandwiches or wraps,"Raw in salads/smoothies/sandwiches or wraps,Sauteed/wilted in a pan,Boiled,Baked,Steamed,In a stir-fry,Mixed into other cooking foods, ie Pasta/Rice/Cream,I don't eat Spinach,Other","17/4/2025, 09:49"
310237,43492,What is your preferred way to eat Spinach,Steer::SingleAnswer,Raw in salads/smoothies/sandwiches or wraps,"Raw in salads/smoothies/sandwiches or wraps,Sauteed/wilted in a pan,Boiled,Baked,Steamed,In a stir-fry,Mixed into other cooking foods, ie Pasta/Rice/Cream,I don't eat Spinach,Other","17/4/2025, 09:47"
310237,159510,What is your preferred way to eat Spinach,Steer::SingleAnswer,Raw in salads/smoothies/sandwiches or wraps,"Raw in salads/smoothies/sandwiches or wraps,Sauteed/wilted in a pan,Boiled,Baked,Steamed,In a stir-fry,Mixed into other cooking foods, ie Pasta/Rice/Cream,I don't eat Spinach,Other","17/4/2025, 09:45"
310237,167120,What is your preferred way to eat Spinach,Steer::SingleAnswer,Raw in salads/smoothies/sandwiches or wraps,"Raw in salads/smoothies/sandwiches or wraps,Sauteed/wilted in a pan,Boiled,Baked,Steamed,In a stir-fry,Mixed into other cooking foods, ie Pasta/Rice/Cream,I don't eat Spinach,Other","17/4/2025, 09:44"
310237,40930,What is your preferred way to eat Spinach,Steer::SingleAnswer,Raw in salads/smoothies/sandwiches or wraps,"Raw in salads/smoothies/sandwiches or wraps,Sauteed/wilted in a pan,Boiled,Baked,Steamed,In a stir-fry,Mixed into other cooking foods, ie Pasta/Rice/Cream,I don't eat Spinach,Other","17/4/2025, 09:40"
310237,24780,What is your preferred way to eat Spinach,Steer::SingleAnswer,Raw in salads/smoothies/sandwiches or wraps,"Raw in salads/smoothies/sandwiches or wraps,Sauteed/wilted in a pan,Boiled,Baked,Steamed,In a stir-fry,Mixed into other cooking foods, ie Pasta/Rice/Cream,I don't eat Spinach,Other","17/4/2025, 09:37"
310237,143661,What is your preferred way to eat Spinach,Steer::SingleAnswer,Raw in salads/smoothies/sandwiches or wraps,"Raw in salads/smoothies/sandwiches or wraps,Sauteed/wilted in a pan,Boiled,Baked,Steamed,In a stir-fry,Mixed into other cooking foods, ie Pasta/Rice/Cream,I don't eat Spinach,Other","17/4/2025, 09:37"
310237,112392,What is your preferred way to eat Spinach,Steer::SingleAnswer,Raw in salads/smoothies/sandwiches or wraps,"Raw in salads/smoothies/sandwiches or wraps,Sauteed/wilted in a pan,Boiled,Baked,Steamed,In a stir-fry,Mixed into other cooking foods, ie Pasta/Rice/Cream,I don't eat Spinach,Other","17/4/2025, 09:35"
310237,28152,What is your preferred way to eat Spinach,Steer::SingleAnswer,Raw in salads/smoothies/sandwiches or wraps,"Raw in salads/smoothies/sandwiches or wraps,Sauteed/wilted in a pan,Boiled,Baked,Steamed,In a stir-fry,Mixed into other cooking foods, ie Pasta/Rice/Cream,I don't eat Spinach,Other","17/4/2025, 09:35"
310237,142377,What is your preferred way to eat Spinach,Steer::SingleAnswer,Raw in salads/smoothies/sandwiches or wraps,"Raw in salads/smoothies/sandwiches or wraps,Sauteed/wilted in a pan,Boiled,Baked,Steamed,In a stir-fry,Mixed into other cooking foods, ie Pasta/Rice/Cream,I don't eat Spinach,Other","17/4/2025, 09:35"
310237,100353,What is your preferred way to eat Spinach,Steer::SingleAnswer,Raw in salads/smoothies/sandwiches or wraps,"Raw in salads/smoothies/sandwiches or wraps,Sauteed/wilted in a pan,Boiled,Baked,Steamed,In a stir-fry,Mixed into other cooking foods, ie Pasta/Rice/Cream,I don't eat Spinach,Other","17/4/2025, 09:34"
310237,129959,What is your preferred way to eat Spinach,Steer::SingleAnswer,Raw in salads/smoothies/sandwiches or wraps,"Raw in salads/smoothies/sandwiches or wraps,Sauteed/wilted in a pan,Boiled,Baked,Steamed,In a stir-fry,Mixed into other cooking foods, ie Pasta/Rice/Cream,I don't eat Spinach,Other","17/4/2025, 09:33"
310237,41204,What is your preferred way to eat Spinach,Steer::SingleAnswer,Raw in salads/smoothies/sandwiches or wraps,"Raw in salads/smoothies/sandwiches or wraps,Sauteed/wilted in a pan,Boiled,Baked,Steamed,In a stir-fry,Mixed into other cooking foods, ie Pasta/Rice/Cream,I don't eat Spinach,Other","17/4/2025, 09:32"
310237,147010,What is your preferred way to eat Spinach,Steer::SingleAnswer,Raw in salads/smoothies/sandwiches or wraps,"Raw in salads/smoothies/sandwiches or wraps,Sauteed/wilted in a pan,Boiled,Baked,Steamed,In a stir-fry,Mixed into other cooking foods, ie Pasta/Rice/Cream,I don't eat Spinach,Other","17/4/2025, 09:31"
310237,113939,What is your preferred way to eat Spinach,Steer::SingleAnswer,Raw in salads/smoothies/sandwiches or wraps,"Raw in salads/smoothies/sandwiches or wraps,Sauteed/wilted in a pan,Boiled,Baked,Steamed,In a stir-fry,Mixed into other cooking foods, ie Pasta/Rice/Cream,I don't eat Spinach,Other","17/4/2025, 09:31"
310237,21387,What is your preferred way to eat Spinach,Steer::SingleAnswer,Raw in salads/smoothies/sandwiches or wraps,"Raw in salads/smoothies/sandwiches or wraps,Sauteed/wilted in a pan,Boiled,Baked,Steamed,In a stir-fry,Mixed into other cooking foods, ie Pasta/Rice/Cream,I don't eat Spinach,Other","17/4/2025, 09:31"
310237,138969,What is your preferred way to eat Spinach,Steer::SingleAnswer,"Mixed into other cooking foods, ie Pasta/Rice/Cream","Raw in salads/smoothies/sandwiches or wraps,Sauteed/wilted in a pan,Boiled,Baked,Steamed,In a stir-fry,Mixed into other cooking foods, ie Pasta/Rice/Cream,I don't eat Spinach,Other","17/4/2025, 10:51"
310237,141748,What is your preferred way to eat Spinach,Steer::SingleAnswer,"Mixed into other cooking foods, ie Pasta/Rice/Cream","Raw in salads/smoothies/sandwiches or wraps,Sauteed/wilted in a pan,Boiled,Baked,Steamed,In a stir-fry,Mixed into other cooking foods, ie Pasta/Rice/Cream,I don't eat Spinach,Other","17/4/2025, 10:29"
310237,13953,What is your preferred way to eat Spinach,Steer::SingleAnswer,"Mixed into other cooking foods, ie Pasta/Rice/Cream","Raw in salads/smoothies/sandwiches or wraps,Sauteed/wilted in a pan,Boiled,Baked,Steamed,In a stir-fry,Mixed into other cooking foods, ie Pasta/Rice/Cream,I don't eat Spinach,Other","17/4/2025, 10:27"
310237,167182,What is your preferred way to eat Spinach,Steer::SingleAnswer,"Mixed into other cooking foods, ie Pasta/Rice/Cream","Raw in salads/smoothies/sandwiches or wraps,Sauteed/wilted in a pan,Boiled,Baked,Steamed,In a stir-fry,Mixed into other cooking foods, ie Pasta/Rice/Cream,I don't eat Spinach,Other","17/4/2025, 10:26"
310237,20269,What is your preferred way to eat Spinach,Steer::SingleAnswer,"Mixed into other cooking foods, ie Pasta/Rice/Cream","Raw in salads/smoothies/sandwiches or wraps,Sauteed/wilted in a pan,Boiled,Baked,Steamed,In a stir-fry,Mixed into other cooking foods, ie Pasta/Rice/Cream,I don't eat Spinach,Other","17/4/2025, 10:26"
310237,165488,What is your preferred way to eat Spinach,Steer::SingleAnswer,"Mixed into other cooking foods, ie Pasta/Rice/Cream","Raw in salads/smoothies/sandwiches or wraps,Sauteed/wilted in a pan,Boiled,Baked,Steamed,In a stir-fry,Mixed into other cooking foods, ie Pasta/Rice/Cream,I don't eat Spinach,Other","17/4/2025, 10:26"
310237,152306,What is your preferred way to eat Spinach,Steer::SingleAnswer,"Mixed into other cooking foods, ie Pasta/Rice/Cream","Raw in salads/smoothies/sandwiches or wraps,Sauteed/wilted in a pan,Boiled,Baked,Steamed,In a stir-fry,Mixed into other cooking foods, ie Pasta/Rice/Cream,I don't eat Spinach,Other","17/4/2025, 10:25"
310237,141011,What is your preferred way to eat Spinach,Steer::SingleAnswer,"Mixed into other cooking foods, ie Pasta/Rice/Cream","Raw in salads/smoothies/sandwiches or wraps,Sauteed/wilted in a pan,Boiled,Baked,Steamed,In a stir-fry,Mixed into other cooking foods, ie Pasta/Rice/Cream,I don't eat Spinach,Other","17/4/2025, 10:23"
310237,117534,What is your preferred way to eat Spinach,Steer::SingleAnswer,"Mixed into other cooking foods, ie Pasta/Rice/Cream","Raw in salads/smoothies/sandwiches or wraps,Sauteed/wilted in a pan,Boiled,Baked,Steamed,In a stir-fry,Mixed into other cooking foods, ie Pasta/Rice/Cream,I don't eat Spinach,Other","17/4/2025, 10:22"
310237,126140,What is your preferred way to eat Spinach,Steer::SingleAnswer,"Mixed into other cooking foods, ie Pasta/Rice/Cream","Raw in salads/smoothies/sandwiches or wraps,Sauteed/wilted in a pan,Boiled,Baked,Steamed,In a stir-fry,Mixed into other cooking foods, ie Pasta/Rice/Cream,I don't eat Spinach,Other","17/4/2025, 10:19"
310237,167685,What is your preferred way to eat Spinach,Steer::SingleAnswer,"Mixed into other cooking foods, ie Pasta/Rice/Cream","Raw in salads/smoothies/sandwiches or wraps,Sauteed/wilted in a pan,Boiled,Baked,Steamed,In a stir-fry,Mixed into other cooking foods, ie Pasta/Rice/Cream,I don't eat Spinach,Other","17/4/2025, 10:18"
310237,53074,What is your preferred way to eat Spinach,Steer::SingleAnswer,"Mixed into other cooking foods, ie Pasta/Rice/Cream","Raw in salads/smoothies/sandwiches or wraps,Sauteed/wilted in a pan,Boiled,Baked,Steamed,In a stir-fry,Mixed into other cooking foods, ie Pasta/Rice/Cream,I don't eat Spinach,Other","17/4/2025, 10:16"
310237,33810,What is your preferred way to eat Spinach,Steer::SingleAnswer,"Mixed into other cooking foods, ie Pasta/Rice/Cream","Raw in salads/smoothies/sandwiches or wraps,Sauteed/wilted in a pan,Boiled,Baked,Steamed,In a stir-fry,Mixed into other cooking foods, ie Pasta/Rice/Cream,I don't eat Spinach,Other","17/4/2025, 10:16"
310237,166795,What is your preferred way to eat Spinach,Steer::SingleAnswer,"Mixed into other cooking foods, ie Pasta/Rice/Cream","Raw in salads/smoothies/sandwiches or wraps,Sauteed/wilted in a pan,Boiled,Baked,Steamed,In a stir-fry,Mixed into other cooking foods, ie Pasta/Rice/Cream,I don't eat Spinach,Other","17/4/2025, 10:15"
310237,126123,What is your preferred way to eat Spinach,Steer::SingleAnswer,"Mixed into other cooking foods, ie Pasta/Rice/Cream","Raw in salads/smoothies/sandwiches or wraps,Sauteed/wilted in a pan,Boiled,Baked,Steamed,In a stir-fry,Mixed into other cooking foods, ie Pasta/Rice/Cream,I don't eat Spinach,Other","17/4/2025, 10:13"
310237,48669,What is your preferred way to eat Spinach,Steer::SingleAnswer,"Mixed into other cooking foods, ie Pasta/Rice/Cream","Raw in salads/smoothies/sandwiches or wraps,Sauteed/wilted in a pan,Boiled,Baked,Steamed,In a stir-fry,Mixed into other cooking foods, ie Pasta/Rice/Cream,I don't eat Spinach,Other","17/4/2025, 10:13"
310237,130311,What is your preferred way to eat Spinach,Steer::SingleAnswer,"Mixed into other cooking foods, ie Pasta/Rice/Cream","Raw in salads/smoothies/sandwiches or wraps,Sauteed/wilted in a pan,Boiled,Baked,Steamed,In a stir-fry,Mixed into other cooking foods, ie Pasta/Rice/Cream,I don't eat Spinach,Other","17/4/2025, 10:12"
310237,143844,What is your preferred way to eat Spinach,Steer::SingleAnswer,"Mixed into other cooking foods, ie Pasta/Rice/Cream","Raw in salads/smoothies/sandwiches or wraps,Sauteed/wilted in a pan,Boiled,Baked,Steamed,In a stir-fry,Mixed into other cooking foods, ie Pasta/Rice/Cream,I don't eat Spinach,Other","17/4/2025, 10:12"
310237,53385,What is your preferred way to eat Spinach,Steer::SingleAnswer,"Mixed into other cooking foods, ie Pasta/Rice/Cream","Raw in salads/smoothies/sandwiches or wraps,Sauteed/wilted in a pan,Boiled,Baked,Steamed,In a stir-fry,Mixed into other cooking foods, ie Pasta/Rice/Cream,I don't eat Spinach,Other","17/4/2025, 10:12"
310237,138985,What is your preferred way to eat Spinach,Steer::SingleAnswer,"Mixed into other cooking foods, ie Pasta/Rice/Cream","Raw in salads/smoothies/sandwiches or wraps,Sauteed/wilted in a pan,Boiled,Baked,Steamed,In a stir-fry,Mixed into other cooking foods, ie Pasta/Rice/Cream,I don't eat Spinach,Other","17/4/2025, 10:08"
310237,48806,What is your preferred way to eat Spinach,Steer::SingleAnswer,"Mixed into other cooking foods, ie Pasta/Rice/Cream","Raw in salads/smoothies/sandwiches or wraps,Sauteed/wilted in a pan,Boiled,Baked,Steamed,In a stir-fry,Mixed into other cooking foods, ie Pasta/Rice/Cream,I don't eat Spinach,Other","17/4/2025, 10:07"
310237,50428,What is your preferred way to eat Spinach,Steer::SingleAnswer,"Mixed into other cooking foods, ie Pasta/Rice/Cream","Raw in salads/smoothies/sandwiches or wraps,Sauteed/wilted in a pan,Boiled,Baked,Steamed,In a stir-fry,Mixed into other cooking foods, ie Pasta/Rice/Cream,I don't eat Spinach,Other","17/4/2025, 10:05"
310237,38387,What is your preferred way to eat Spinach,Steer::SingleAnswer,"Mixed into other cooking foods, ie Pasta/Rice/Cream","Raw in salads/smoothies/sandwiches or wraps,Sauteed/wilted in a pan,Boiled,Baked,Steamed,In a stir-fry,Mixed into other cooking foods, ie Pasta/Rice/Cream,I don't eat Spinach,Other","17/4/2025, 10:00"
310237,167142,What is your preferred way to eat Spinach,Steer::SingleAnswer,"Mixed into other cooking foods, ie Pasta/Rice/Cream","Raw in salads/smoothies/sandwiches or wraps,Sauteed/wilted in a pan,Boiled,Baked,Steamed,In a stir-fry,Mixed into other cooking foods, ie Pasta/Rice/Cream,I don't eat Spinach,Other","17/4/2025, 09:59"
310237,136886,What is your preferred way to eat Spinach,Steer::SingleAnswer,"Mixed into other cooking foods, ie Pasta/Rice/Cream","Raw in salads/smoothies/sandwiches or wraps,Sauteed/wilted in a pan,Boiled,Baked,Steamed,In a stir-fry,Mixed into other cooking foods, ie Pasta/Rice/Cream,I don't eat Spinach,Other","17/4/2025, 09:58"
310237,167438,What is your preferred way to eat Spinach,Steer::SingleAnswer,"Mixed into other cooking foods, ie Pasta/Rice/Cream","Raw in salads/smoothies/sandwiches or wraps,Sauteed/wilted in a pan,Boiled,Baked,Steamed,In a stir-fry,Mixed into other cooking foods, ie Pasta/Rice/Cream,I don't eat Spinach,Other","17/4/2025, 09:56"
310237,131124,What is your preferred way to eat Spinach,Steer::SingleAnswer,"Mixed into other cooking foods, ie Pasta/Rice/Cream","Raw in salads/smoothies/sandwiches or wraps,Sauteed/wilted in a pan,Boiled,Baked,Steamed,In a stir-fry,Mixed into other cooking foods, ie Pasta/Rice/Cream,I don't eat Spinach,Other","17/4/2025, 09:53"
310237,120205,What is your preferred way to eat Spinach,Steer::SingleAnswer,"Mixed into other cooking foods, ie Pasta/Rice/Cream","Raw in salads/smoothies/sandwiches or wraps,Sauteed/wilted in a pan,Boiled,Baked,Steamed,In a stir-fry,Mixed into other cooking foods, ie Pasta/Rice/Cream,I don't eat Spinach,Other","17/4/2025, 09:47"
310237,110103,What is your preferred way to eat Spinach,Steer::SingleAnswer,"Mixed into other cooking foods, ie Pasta/Rice/Cream","Raw in salads/smoothies/sandwiches or wraps,Sauteed/wilted in a pan,Boiled,Baked,Steamed,In a stir-fry,Mixed into other cooking foods, ie Pasta/Rice/Cream,I don't eat Spinach,Other","17/4/2025, 09:47"
310237,157113,What is your preferred way to eat Spinach,Steer::SingleAnswer,"Mixed into other cooking foods, ie Pasta/Rice/Cream","Raw in salads/smoothies/sandwiches or wraps,Sauteed/wilted in a pan,Boiled,Baked,Steamed,In a stir-fry,Mixed into other cooking foods, ie Pasta/Rice/Cream,I don't eat Spinach,Other","17/4/2025, 09:47"
310237,129951,What is your preferred way to eat Spinach,Steer::SingleAnswer,"Mixed into other cooking foods, ie Pasta/Rice/Cream","Raw in salads/smoothies/sandwiches or wraps,Sauteed/wilted in a pan,Boiled,Baked,Steamed,In a stir-fry,Mixed into other cooking foods, ie Pasta/Rice/Cream,I don't eat Spinach,Other","17/4/2025, 09:46"
310237,37438,What is your preferred way to eat Spinach,Steer::SingleAnswer,"Mixed into other cooking foods, ie Pasta/Rice/Cream","Raw in salads/smoothies/sandwiches or wraps,Sauteed/wilted in a pan,Boiled,Baked,Steamed,In a stir-fry,Mixed into other cooking foods, ie Pasta/Rice/Cream,I don't eat Spinach,Other","17/4/2025, 09:45"
310237,21498,What is your preferred way to eat Spinach,Steer::SingleAnswer,"Mixed into other cooking foods, ie Pasta/Rice/Cream","Raw in salads/smoothies/sandwiches or wraps,Sauteed/wilted in a pan,Boiled,Baked,Steamed,In a stir-fry,Mixed into other cooking foods, ie Pasta/Rice/Cream,I don't eat Spinach,Other","17/4/2025, 09:44"
310237,110678,What is your preferred way to eat Spinach,Steer::SingleAnswer,"Mixed into other cooking foods, ie Pasta/Rice/Cream","Raw in salads/smoothies/sandwiches or wraps,Sauteed/wilted in a pan,Boiled,Baked,Steamed,In a stir-fry,Mixed into other cooking foods, ie Pasta/Rice/Cream,I don't eat Spinach,Other","17/4/2025, 09:44"
310237,167825,What is your preferred way to eat Spinach,Steer::SingleAnswer,"Mixed into other cooking foods, ie Pasta/Rice/Cream","Raw in salads/smoothies/sandwiches or wraps,Sauteed/wilted in a pan,Boiled,Baked,Steamed,In a stir-fry,Mixed into other cooking foods, ie Pasta/Rice/Cream,I don't eat Spinach,Other","17/4/2025, 09:43"
310237,131479,What is your preferred way to eat Spinach,Steer::SingleAnswer,"Mixed into other cooking foods, ie Pasta/Rice/Cream","Raw in salads/smoothies/sandwiches or wraps,Sauteed/wilted in a pan,Boiled,Baked,Steamed,In a stir-fry,Mixed into other cooking foods, ie Pasta/Rice/Cream,I don't eat Spinach,Other","17/4/2025, 09:43"
310237,167681,What is your preferred way to eat Spinach,Steer::SingleAnswer,"Mixed into other cooking foods, ie Pasta/Rice/Cream","Raw in salads/smoothies/sandwiches or wraps,Sauteed/wilted in a pan,Boiled,Baked,Steamed,In a stir-fry,Mixed into other cooking foods, ie Pasta/Rice/Cream,I don't eat Spinach,Other","17/4/2025, 09:43"
310237,2645,What is your preferred way to eat Spinach,Steer::SingleAnswer,"Mixed into other cooking foods, ie Pasta/Rice/Cream","Raw in salads/smoothies/sandwiches or wraps,Sauteed/wilted in a pan,Boiled,Baked,Steamed,In a stir-fry,Mixed into other cooking foods, ie Pasta/Rice/Cream,I don't eat Spinach,Other","17/4/2025, 09:40"
310237,40933,What is your preferred way to eat Spinach,Steer::SingleAnswer,"Mixed into other cooking foods, ie Pasta/Rice/Cream","Raw in salads/smoothies/sandwiches or wraps,Sauteed/wilted in a pan,Boiled,Baked,Steamed,In a stir-fry,Mixed into other cooking foods, ie Pasta/Rice/Cream,I don't eat Spinach,Other","17/4/2025, 09:39"
310237,16818,What is your preferred way to eat Spinach,Steer::SingleAnswer,"Mixed into other cooking foods, ie Pasta/Rice/Cream","Raw in salads/smoothies/sandwiches or wraps,Sauteed/wilted in a pan,Boiled,Baked,Steamed,In a stir-fry,Mixed into other cooking foods, ie Pasta/Rice/Cream,I don't eat Spinach,Other","17/4/2025, 09:39"
310237,116690,What is your preferred way to eat Spinach,Steer::SingleAnswer,"Mixed into other cooking foods, ie Pasta/Rice/Cream","Raw in salads/smoothies/sandwiches or wraps,Sauteed/wilted in a pan,Boiled,Baked,Steamed,In a stir-fry,Mixed into other cooking foods, ie Pasta/Rice/Cream,I don't eat Spinach,Other","17/4/2025, 09:39"
310237,114859,What is your preferred way to eat Spinach,Steer::SingleAnswer,"Mixed into other cooking foods, ie Pasta/Rice/Cream","Raw in salads/smoothies/sandwiches or wraps,Sauteed/wilted in a pan,Boiled,Baked,Steamed,In a stir-fry,Mixed into other cooking foods, ie Pasta/Rice/Cream,I don't eat Spinach,Other","17/4/2025, 09:36"
310237,163500,What is your preferred way to eat Spinach,Steer::SingleAnswer,"Mixed into other cooking foods, ie Pasta/Rice/Cream","Raw in salads/smoothies/sandwiches or wraps,Sauteed/wilted in a pan,Boiled,Baked,Steamed,In a stir-fry,Mixed into other cooking foods, ie Pasta/Rice/Cream,I don't eat Spinach,Other","17/4/2025, 09:34"
310237,19781,What is your preferred way to eat Spinach,Steer::SingleAnswer,"Mixed into other cooking foods, ie Pasta/Rice/Cream","Raw in salads/smoothies/sandwiches or wraps,Sauteed/wilted in a pan,Boiled,Baked,Steamed,In a stir-fry,Mixed into other cooking foods, ie Pasta/Rice/Cream,I don't eat Spinach,Other","17/4/2025, 09:34"
310237,152689,What is your preferred way to eat Spinach,Steer::SingleAnswer,"Mixed into other cooking foods, ie Pasta/Rice/Cream","Raw in salads/smoothies/sandwiches or wraps,Sauteed/wilted in a pan,Boiled,Baked,Steamed,In a stir-fry,Mixed into other cooking foods, ie Pasta/Rice/Cream,I don't eat Spinach,Other","17/4/2025, 09:33"
310237,159327,What is your preferred way to eat Spinach,Steer::SingleAnswer,"Mixed into other cooking foods, ie Pasta/Rice/Cream","Raw in salads/smoothies/sandwiches or wraps,Sauteed/wilted in a pan,Boiled,Baked,Steamed,In a stir-fry,Mixed into other cooking foods, ie Pasta/Rice/Cream,I don't eat Spinach,Other","17/4/2025, 09:32"
310237,44766,What is your preferred way to eat Spinach,Steer::SingleAnswer,"Mixed into other cooking foods, ie Pasta/Rice/Cream","Raw in salads/smoothies/sandwiches or wraps,Sauteed/wilted in a pan,Boiled,Baked,Steamed,In a stir-fry,Mixed into other cooking foods, ie Pasta/Rice/Cream,I don't eat Spinach,Other","17/4/2025, 09:31"
310237,46682,What is your preferred way to eat Spinach,Steer::SingleAnswer,"Mixed into other cooking foods, ie Pasta/Rice/Cream","Raw in salads/smoothies/sandwiches or wraps,Sauteed/wilted in a pan,Boiled,Baked,Steamed,In a stir-fry,Mixed into other cooking foods, ie Pasta/Rice/Cream,I don't eat Spinach,Other","17/4/2025, 09:31"
310237,103152,What is your preferred way to eat Spinach,Steer::SingleAnswer,"Mixed into other cooking foods, ie Pasta/Rice/Cream","Raw in salads/smoothies/sandwiches or wraps,Sauteed/wilted in a pan,Boiled,Baked,Steamed,In a stir-fry,Mixed into other cooking foods, ie Pasta/Rice/Cream,I don't eat Spinach,Other","17/4/2025, 09:31"
310237,122961,What is your preferred way to eat Spinach,Steer::SingleAnswer,"Mixed into other cooking foods, ie Pasta/Rice/Cream","Raw in salads/smoothies/sandwiches or wraps,Sauteed/wilted in a pan,Boiled,Baked,Steamed,In a stir-fry,Mixed into other cooking foods, ie Pasta/Rice/Cream,I don't eat Spinach,Other","17/4/2025, 09:31"
310237,163913,What is your preferred way to eat Spinach,Steer::SingleAnswer,"Mixed into other cooking foods, ie Pasta/Rice/Cream","Raw in salads/smoothies/sandwiches or wraps,Sauteed/wilted in a pan,Boiled,Baked,Steamed,In a stir-fry,Mixed into other cooking foods, ie Pasta/Rice/Cream,I don't eat Spinach,Other","17/4/2025, 09:30"
310237,150698,What is your preferred way to eat Spinach,Steer::SingleAnswer,Sauteed/wilted in a pan,"Raw in salads/smoothies/sandwiches or wraps,Sauteed/wilted in a pan,Boiled,Baked,Steamed,In a stir-fry,Mixed into other cooking foods, ie Pasta/Rice/Cream,I don't eat Spinach,Other","17/4/2025, 10:31"
310237,122098,What is your preferred way to eat Spinach,Steer::SingleAnswer,Sauteed/wilted in a pan,"Raw in salads/smoothies/sandwiches or wraps,Sauteed/wilted in a pan,Boiled,Baked,Steamed,In a stir-fry,Mixed into other cooking foods, ie Pasta/Rice/Cream,I don't eat Spinach,Other","17/4/2025, 10:30"
310237,44658,What is your preferred way to eat Spinach,Steer::SingleAnswer,Sauteed/wilted in a pan,"Raw in salads/smoothies/sandwiches or wraps,Sauteed/wilted in a pan,Boiled,Baked,Steamed,In a stir-fry,Mixed into other cooking foods, ie Pasta/Rice/Cream,I don't eat Spinach,Other","17/4/2025, 10:29"
310237,67020,What is your preferred way to eat Spinach,Steer::SingleAnswer,Sauteed/wilted in a pan,"Raw in salads/smoothies/sandwiches or wraps,Sauteed/wilted in a pan,Boiled,Baked,Steamed,In a stir-fry,Mixed into other cooking foods, ie Pasta/Rice/Cream,I don't eat Spinach,Other","17/4/2025, 10:26"
310237,97943,What is your preferred way to eat Spinach,Steer::SingleAnswer,Sauteed/wilted in a pan,"Raw in salads/smoothies/sandwiches or wraps,Sauteed/wilted in a pan,Boiled,Baked,Steamed,In a stir-fry,Mixed into other cooking foods, ie Pasta/Rice/Cream,I don't eat Spinach,Other","17/4/2025, 10:24"
310237,114887,What is your preferred way to eat Spinach,Steer::SingleAnswer,Sauteed/wilted in a pan,"Raw in salads/smoothies/sandwiches or wraps,Sauteed/wilted in a pan,Boiled,Baked,Steamed,In a stir-fry,Mixed into other cooking foods, ie Pasta/Rice/Cream,I don't eat Spinach,Other","17/4/2025, 10:20"
310237,37766,What is your preferred way to eat Spinach,Steer::SingleAnswer,Sauteed/wilted in a pan,"Raw in salads/smoothies/sandwiches or wraps,Sauteed/wilted in a pan,Boiled,Baked,Steamed,In a stir-fry,Mixed into other cooking foods, ie Pasta/Rice/Cream,I don't eat Spinach,Other","17/4/2025, 10:20"
310237,20142,What is your preferred way to eat Spinach,Steer::SingleAnswer,Sauteed/wilted in a pan,"Raw in salads/smoothies/sandwiches or wraps,Sauteed/wilted in a pan,Boiled,Baked,Steamed,In a stir-fry,Mixed into other cooking foods, ie Pasta/Rice/Cream,I don't eat Spinach,Other","17/4/2025, 10:18"
310237,66825,What is your preferred way to eat Spinach,Steer::SingleAnswer,Sauteed/wilted in a pan,"Raw in salads/smoothies/sandwiches or wraps,Sauteed/wilted in a pan,Boiled,Baked,Steamed,In a stir-fry,Mixed into other cooking foods, ie Pasta/Rice/Cream,I don't eat Spinach,Other","17/4/2025, 10:18"
310237,124804,What is your preferred way to eat Spinach,Steer::SingleAnswer,Baked,"Raw in salads/smoothies/sandwiches or wraps,Sauteed/wilted in a pan,Boiled,Baked,Steamed,In a stir-fry,Mixed into other cooking foods, ie Pasta/Rice/Cream,I don't eat Spinach,Other","17/4/2025, 10:16"
310237,153013,What is your preferred way to eat Spinach,Steer::SingleAnswer,Sauteed/wilted in a pan,"Raw in salads/smoothies/sandwiches or wraps,Sauteed/wilted in a pan,Boiled,Baked,Steamed,In a stir-fry,Mixed into other cooking foods, ie Pasta/Rice/Cream,I don't eat Spinach,Other","17/4/2025, 10:11"
310237,130017,What is your preferred way to eat Spinach,Steer::SingleAnswer,Sauteed/wilted in a pan,"Raw in salads/smoothies/sandwiches or wraps,Sauteed/wilted in a pan,Boiled,Baked,Steamed,In a stir-fry,Mixed into other cooking foods, ie Pasta/Rice/Cream,I don't eat Spinach,Other","17/4/2025, 10:11"
310237,145980,What is your preferred way to eat Spinach,Steer::SingleAnswer,Baked,"Raw in salads/smoothies/sandwiches or wraps,Sauteed/wilted in a pan,Boiled,Baked,Steamed,In a stir-fry,Mixed into other cooking foods, ie Pasta/Rice/Cream,I don't eat Spinach,Other","17/4/2025, 10:05"
310237,14908,What is your preferred way to eat Spinach,Steer::SingleAnswer,Sauteed/wilted in a pan,"Raw in salads/smoothies/sandwiches or wraps,Sauteed/wilted in a pan,Boiled,Baked,Steamed,In a stir-fry,Mixed into other cooking foods, ie Pasta/Rice/Cream,I don't eat Spinach,Other","17/4/2025, 10:05"
310237,109161,What is your preferred way to eat Spinach,Steer::SingleAnswer,Sauteed/wilted in a pan,"Raw in salads/smoothies/sandwiches or wraps,Sauteed/wilted in a pan,Boiled,Baked,Steamed,In a stir-fry,Mixed into other cooking foods, ie Pasta/Rice/Cream,I don't eat Spinach,Other","17/4/2025, 10:04"
310237,115040,What is your preferred way to eat Spinach,Steer::SingleAnswer,Sauteed/wilted in a pan,"Raw in salads/smoothies/sandwiches or wraps,Sauteed/wilted in a pan,Boiled,Baked,Steamed,In a stir-fry,Mixed into other cooking foods, ie Pasta/Rice/Cream,I don't eat Spinach,Other","17/4/2025, 10:04"
310237,122999,What is your preferred way to eat Spinach,Steer::SingleAnswer,Sauteed/wilted in a pan,"Raw in salads/smoothies/sandwiches or wraps,Sauteed/wilted in a pan,Boiled,Baked,Steamed,In a stir-fry,Mixed into other cooking foods, ie Pasta/Rice/Cream,I don't eat Spinach,Other","17/4/2025, 10:04"
310237,60817,What is your preferred way to eat Spinach,Steer::SingleAnswer,Sauteed/wilted in a pan,"Raw in salads/smoothies/sandwiches or wraps,Sauteed/wilted in a pan,Boiled,Baked,Steamed,In a stir-fry,Mixed into other cooking foods, ie Pasta/Rice/Cream,I don't eat Spinach,Other","17/4/2025, 10:02"
310237,114911,What is your preferred way to eat Spinach,Steer::SingleAnswer,Sauteed/wilted in a pan,"Raw in salads/smoothies/sandwiches or wraps,Sauteed/wilted in a pan,Boiled,Baked,Steamed,In a stir-fry,Mixed into other cooking foods, ie Pasta/Rice/Cream,I don't eat Spinach,Other","17/4/2025, 10:02"
310237,137684,What is your preferred way to eat Spinach,Steer::SingleAnswer,Sauteed/wilted in a pan,"Raw in salads/smoothies/sandwiches or wraps,Sauteed/wilted in a pan,Boiled,Baked,Steamed,In a stir-fry,Mixed into other cooking foods, ie Pasta/Rice/Cream,I don't eat Spinach,Other","17/4/2025, 10:01"
310237,30527,What is your preferred way to eat Spinach,Steer::SingleAnswer,Sauteed/wilted in a pan,"Raw in salads/smoothies/sandwiches or wraps,Sauteed/wilted in a pan,Boiled,Baked,Steamed,In a stir-fry,Mixed into other cooking foods, ie Pasta/Rice/Cream,I don't eat Spinach,Other","17/4/2025, 09:59"
310237,151449,What is your preferred way to eat Spinach,Steer::SingleAnswer,Sauteed/wilted in a pan,"Raw in salads/smoothies/sandwiches or wraps,Sauteed/wilted in a pan,Boiled,Baked,Steamed,In a stir-fry,Mixed into other cooking foods, ie Pasta/Rice/Cream,I don't eat Spinach,Other","17/4/2025, 09:57"
310237,151292,What is your preferred way to eat Spinach,Steer::SingleAnswer,Sauteed/wilted in a pan,"Raw in salads/smoothies/sandwiches or wraps,Sauteed/wilted in a pan,Boiled,Baked,Steamed,In a stir-fry,Mixed into other cooking foods, ie Pasta/Rice/Cream,I don't eat Spinach,Other","17/4/2025, 09:57"
310237,131596,What is your preferred way to eat Spinach,Steer::SingleAnswer,Sauteed/wilted in a pan,"Raw in salads/smoothies/sandwiches or wraps,Sauteed/wilted in a pan,Boiled,Baked,Steamed,In a stir-fry,Mixed into other cooking foods, ie Pasta/Rice/Cream,I don't eat Spinach,Other","17/4/2025, 09:52"
310237,121911,What is your preferred way to eat Spinach,Steer::SingleAnswer,Sauteed/wilted in a pan,"Raw in salads/smoothies/sandwiches or wraps,Sauteed/wilted in a pan,Boiled,Baked,Steamed,In a stir-fry,Mixed into other cooking foods, ie Pasta/Rice/Cream,I don't eat Spinach,Other","17/4/2025, 09:51"
310237,153501,What is your preferred way to eat Spinach,Steer::SingleAnswer,Baked,"Raw in salads/smoothies/sandwiches or wraps,Sauteed/wilted in a pan,Boiled,Baked,Steamed,In a stir-fry,Mixed into other cooking foods, ie Pasta/Rice/Cream,I don't eat Spinach,Other","17/4/2025, 09:46"
310237,143970,What is your preferred way to eat Spinach,Steer::SingleAnswer,Sauteed/wilted in a pan,"Raw in salads/smoothies/sandwiches or wraps,Sauteed/wilted in a pan,Boiled,Baked,Steamed,In a stir-fry,Mixed into other cooking foods, ie Pasta/Rice/Cream,I don't eat Spinach,Other","17/4/2025, 09:45"
310237,111139,What is your preferred way to eat Spinach,Steer::SingleAnswer,Sauteed/wilted in a pan,"Raw in salads/smoothies/sandwiches or wraps,Sauteed/wilted in a pan,Boiled,Baked,Steamed,In a stir-fry,Mixed into other cooking foods, ie Pasta/Rice/Cream,I don't eat Spinach,Other","17/4/2025, 09:45"
310237,126594,What is your preferred way to eat Spinach,Steer::SingleAnswer,Sauteed/wilted in a pan,"Raw in salads/smoothies/sandwiches or wraps,Sauteed/wilted in a pan,Boiled,Baked,Steamed,In a stir-fry,Mixed into other cooking foods, ie Pasta/Rice/Cream,I don't eat Spinach,Other","17/4/2025, 09:44"
310237,152979,What is your preferred way to eat Spinach,Steer::SingleAnswer,Sauteed/wilted in a pan,"Raw in salads/smoothies/sandwiches or wraps,Sauteed/wilted in a pan,Boiled,Baked,Steamed,In a stir-fry,Mixed into other cooking foods, ie Pasta/Rice/Cream,I don't eat Spinach,Other","17/4/2025, 09:44"
310237,40057,What is your preferred way to eat Spinach,Steer::SingleAnswer,Sauteed/wilted in a pan,"Raw in salads/smoothies/sandwiches or wraps,Sauteed/wilted in a pan,Boiled,Baked,Steamed,In a stir-fry,Mixed into other cooking foods, ie Pasta/Rice/Cream,I don't eat Spinach,Other","17/4/2025, 09:40"
310237,152432,What is your preferred way to eat Spinach,Steer::SingleAnswer,Sauteed/wilted in a pan,"Raw in salads/smoothies/sandwiches or wraps,Sauteed/wilted in a pan,Boiled,Baked,Steamed,In a stir-fry,Mixed into other cooking foods, ie Pasta/Rice/Cream,I don't eat Spinach,Other","17/4/2025, 09:38"
310237,60104,What is your preferred way to eat Spinach,Steer::SingleAnswer,Sauteed/wilted in a pan,"Raw in salads/smoothies/sandwiches or wraps,Sauteed/wilted in a pan,Boiled,Baked,Steamed,In a stir-fry,Mixed into other cooking foods, ie Pasta/Rice/Cream,I don't eat Spinach,Other","17/4/2025, 09:38"
310237,49694,What is your preferred way to eat Spinach,Steer::SingleAnswer,Baked,"Raw in salads/smoothies/sandwiches or wraps,Sauteed/wilted in a pan,Boiled,Baked,Steamed,In a stir-fry,Mixed into other cooking foods, ie Pasta/Rice/Cream,I don't eat Spinach,Other","17/4/2025, 09:38"
310237,148705,What is your preferred way to eat Spinach,Steer::SingleAnswer,Sauteed/wilted in a pan,"Raw in salads/smoothies/sandwiches or wraps,Sauteed/wilted in a pan,Boiled,Baked,Steamed,In a stir-fry,Mixed into other cooking foods, ie Pasta/Rice/Cream,I don't eat Spinach,Other","17/4/2025, 09:37"
310237,160027,What is your preferred way to eat Spinach,Steer::SingleAnswer,Sauteed/wilted in a pan,"Raw in salads/smoothies/sandwiches or wraps,Sauteed/wilted in a pan,Boiled,Baked,Steamed,In a stir-fry,Mixed into other cooking foods, ie Pasta/Rice/Cream,I don't eat Spinach,Other","17/4/2025, 09:36"
310237,47530,What is your preferred way to eat Spinach,Steer::SingleAnswer,Sauteed/wilted in a pan,"Raw in salads/smoothies/sandwiches or wraps,Sauteed/wilted in a pan,Boiled,Baked,Steamed,In a stir-fry,Mixed into other cooking foods, ie Pasta/Rice/Cream,I don't eat Spinach,Other","17/4/2025, 09:36"
310237,51394,What is your preferred way to eat Spinach,Steer::SingleAnswer,Baked,"Raw in salads/smoothies/sandwiches or wraps,Sauteed/wilted in a pan,Boiled,Baked,Steamed,In a stir-fry,Mixed into other cooking foods, ie Pasta/Rice/Cream,I don't eat Spinach,Other","17/4/2025, 09:36"
310237,146062,What is your preferred way to eat Spinach,Steer::SingleAnswer,Sauteed/wilted in a pan,"Raw in salads/smoothies/sandwiches or wraps,Sauteed/wilted in a pan,Boiled,Baked,Steamed,In a stir-fry,Mixed into other cooking foods, ie Pasta/Rice/Cream,I don't eat Spinach,Other","17/4/2025, 09:36"
310237,96256,What is your preferred way to eat Spinach,Steer::SingleAnswer,Sauteed/wilted in a pan,"Raw in salads/smoothies/sandwiches or wraps,Sauteed/wilted in a pan,Boiled,Baked,Steamed,In a stir-fry,Mixed into other cooking foods, ie Pasta/Rice/Cream,I don't eat Spinach,Other","17/4/2025, 09:36"
310237,110045,What is your preferred way to eat Spinach,Steer::SingleAnswer,Sauteed/wilted in a pan,"Raw in salads/smoothies/sandwiches or wraps,Sauteed/wilted in a pan,Boiled,Baked,Steamed,In a stir-fry,Mixed into other cooking foods, ie Pasta/Rice/Cream,I don't eat Spinach,Other","17/4/2025, 09:35"
310237,23571,What is your preferred way to eat Spinach,Steer::SingleAnswer,Sauteed/wilted in a pan,"Raw in salads/smoothies/sandwiches or wraps,Sauteed/wilted in a pan,Boiled,Baked,Steamed,In a stir-fry,Mixed into other cooking foods, ie Pasta/Rice/Cream,I don't eat Spinach,Other","17/4/2025, 09:35"
310237,147221,What is your preferred way to eat Spinach,Steer::SingleAnswer,Sauteed/wilted in a pan,"Raw in salads/smoothies/sandwiches or wraps,Sauteed/wilted in a pan,Boiled,Baked,Steamed,In a stir-fry,Mixed into other cooking foods, ie Pasta/Rice/Cream,I don't eat Spinach,Other","17/4/2025, 09:35"
310237,119916,What is your preferred way to eat Spinach,Steer::SingleAnswer,Sauteed/wilted in a pan,"Raw in salads/smoothies/sandwiches or wraps,Sauteed/wilted in a pan,Boiled,Baked,Steamed,In a stir-fry,Mixed into other cooking foods, ie Pasta/Rice/Cream,I don't eat Spinach,Other","17/4/2025, 09:34"
310237,154833,What is your preferred way to eat Spinach,Steer::SingleAnswer,Sauteed/wilted in a pan,"Raw in salads/smoothies/sandwiches or wraps,Sauteed/wilted in a pan,Boiled,Baked,Steamed,In a stir-fry,Mixed into other cooking foods, ie Pasta/Rice/Cream,I don't eat Spinach,Other","17/4/2025, 09:34"
310237,49126,What is your preferred way to eat Spinach,Steer::SingleAnswer,Sauteed/wilted in a pan,"Raw in salads/smoothies/sandwiches or wraps,Sauteed/wilted in a pan,Boiled,Baked,Steamed,In a stir-fry,Mixed into other cooking foods, ie Pasta/Rice/Cream,I don't eat Spinach,Other","17/4/2025, 09:34"
310237,151595,What is your preferred way to eat Spinach,Steer::SingleAnswer,Sauteed/wilted in a pan,"Raw in salads/smoothies/sandwiches or wraps,Sauteed/wilted in a pan,Boiled,Baked,Steamed,In a stir-fry,Mixed into other cooking foods, ie Pasta/Rice/Cream,I don't eat Spinach,Other","17/4/2025, 09:34"
310237,43053,What is your preferred way to eat Spinach,Steer::SingleAnswer,Sauteed/wilted in a pan,"Raw in salads/smoothies/sandwiches or wraps,Sauteed/wilted in a pan,Boiled,Baked,Steamed,In a stir-fry,Mixed into other cooking foods, ie Pasta/Rice/Cream,I don't eat Spinach,Other","17/4/2025, 09:33"
310237,155893,What is your preferred way to eat Spinach,Steer::SingleAnswer,Sauteed/wilted in a pan,"Raw in salads/smoothies/sandwiches or wraps,Sauteed/wilted in a pan,Boiled,Baked,Steamed,In a stir-fry,Mixed into other cooking foods, ie Pasta/Rice/Cream,I don't eat Spinach,Other","17/4/2025, 09:32"
310237,134144,What is your preferred way to eat Spinach,Steer::SingleAnswer,Sauteed/wilted in a pan,"Raw in salads/smoothies/sandwiches or wraps,Sauteed/wilted in a pan,Boiled,Baked,Steamed,In a stir-fry,Mixed into other cooking foods, ie Pasta/Rice/Cream,I don't eat Spinach,Other","17/4/2025, 09:31"
310237,126606,What is your preferred way to eat Spinach,Steer::SingleAnswer,Sauteed/wilted in a pan,"Raw in salads/smoothies/sandwiches or wraps,Sauteed/wilted in a pan,Boiled,Baked,Steamed,In a stir-fry,Mixed into other cooking foods, ie Pasta/Rice/Cream,I don't eat Spinach,Other","17/4/2025, 09:31"
310237,116601,What is your preferred way to eat Spinach,Steer::SingleAnswer,Sauteed/wilted in a pan,"Raw in salads/smoothies/sandwiches or wraps,Sauteed/wilted in a pan,Boiled,Baked,Steamed,In a stir-fry,Mixed into other cooking foods, ie Pasta/Rice/Cream,I don't eat Spinach,Other","17/4/2025, 09:31"
310237,142363,What is your preferred way to eat Spinach,Steer::SingleAnswer,In a stir-fry,"Raw in salads/smoothies/sandwiches or wraps,Sauteed/wilted in a pan,Boiled,Baked,Steamed,In a stir-fry,Mixed into other cooking foods, ie Pasta/Rice/Cream,I don't eat Spinach,Other","17/4/2025, 10:32"
310237,22024,What is your preferred way to eat Spinach,Steer::SingleAnswer,In a stir-fry,"Raw in salads/smoothies/sandwiches or wraps,Sauteed/wilted in a pan,Boiled,Baked,Steamed,In a stir-fry,Mixed into other cooking foods, ie Pasta/Rice/Cream,I don't eat Spinach,Other","17/4/2025, 10:31"
310237,152532,What is your preferred way to eat Spinach,Steer::SingleAnswer,In a stir-fry,"Raw in salads/smoothies/sandwiches or wraps,Sauteed/wilted in a pan,Boiled,Baked,Steamed,In a stir-fry,Mixed into other cooking foods, ie Pasta/Rice/Cream,I don't eat Spinach,Other","17/4/2025, 10:30"
310237,115013,What is your preferred way to eat Spinach,Steer::SingleAnswer,Steamed,"Raw in salads/smoothies/sandwiches or wraps,Sauteed/wilted in a pan,Boiled,Baked,Steamed,In a stir-fry,Mixed into other cooking foods, ie Pasta/Rice/Cream,I don't eat Spinach,Other","17/4/2025, 10:28"
310237,117665,What is your preferred way to eat Spinach,Steer::SingleAnswer,In a stir-fry,"Raw in salads/smoothies/sandwiches or wraps,Sauteed/wilted in a pan,Boiled,Baked,Steamed,In a stir-fry,Mixed into other cooking foods, ie Pasta/Rice/Cream,I don't eat Spinach,Other","17/4/2025, 10:26"
310237,110091,What is your preferred way to eat Spinach,Steer::SingleAnswer,Steamed,"Raw in salads/smoothies/sandwiches or wraps,Sauteed/wilted in a pan,Boiled,Baked,Steamed,In a stir-fry,Mixed into other cooking foods, ie Pasta/Rice/Cream,I don't eat Spinach,Other","17/4/2025, 10:23"
310237,63671,What is your preferred way to eat Spinach,Steer::SingleAnswer,Steamed,"Raw in salads/smoothies/sandwiches or wraps,Sauteed/wilted in a pan,Boiled,Baked,Steamed,In a stir-fry,Mixed into other cooking foods, ie Pasta/Rice/Cream,I don't eat Spinach,Other","17/4/2025, 10:23"
310237,18970,What is your preferred way to eat Spinach,Steer::SingleAnswer,In a stir-fry,"Raw in salads/smoothies/sandwiches or wraps,Sauteed/wilted in a pan,Boiled,Baked,Steamed,In a stir-fry,Mixed into other cooking foods, ie Pasta/Rice/Cream,I don't eat Spinach,Other","17/4/2025, 10:22"
310237,152240,What is your preferred way to eat Spinach,Steer::SingleAnswer,Steamed,"Raw in salads/smoothies/sandwiches or wraps,Sauteed/wilted in a pan,Boiled,Baked,Steamed,In a stir-fry,Mixed into other cooking foods, ie Pasta/Rice/Cream,I don't eat Spinach,Other","17/4/2025, 10:22"
310237,117425,What is your preferred way to eat Spinach,Steer::SingleAnswer,Steamed,"Raw in salads/smoothies/sandwiches or wraps,Sauteed/wilted in a pan,Boiled,Baked,Steamed,In a stir-fry,Mixed into other cooking foods, ie Pasta/Rice/Cream,I don't eat Spinach,Other","17/4/2025, 10:21"
310237,20905,What is your preferred way to eat Spinach,Steer::SingleAnswer,In a stir-fry,"Raw in salads/smoothies/sandwiches or wraps,Sauteed/wilted in a pan,Boiled,Baked,Steamed,In a stir-fry,Mixed into other cooking foods, ie Pasta/Rice/Cream,I don't eat Spinach,Other","17/4/2025, 10:21"
310237,47048,What is your preferred way to eat Spinach,Steer::SingleAnswer,In a stir-fry,"Raw in salads/smoothies/sandwiches or wraps,Sauteed/wilted in a pan,Boiled,Baked,Steamed,In a stir-fry,Mixed into other cooking foods, ie Pasta/Rice/Cream,I don't eat Spinach,Other","17/4/2025, 10:18"
310237,44421,What is your preferred way to eat Spinach,Steer::SingleAnswer,In a stir-fry,"Raw in salads/smoothies/sandwiches or wraps,Sauteed/wilted in a pan,Boiled,Baked,Steamed,In a stir-fry,Mixed into other cooking foods, ie Pasta/Rice/Cream,I don't eat Spinach,Other","17/4/2025, 10:16"
310237,112007,What is your preferred way to eat Spinach,Steer::SingleAnswer,In a stir-fry,"Raw in salads/smoothies/sandwiches or wraps,Sauteed/wilted in a pan,Boiled,Baked,Steamed,In a stir-fry,Mixed into other cooking foods, ie Pasta/Rice/Cream,I don't eat Spinach,Other","17/4/2025, 10:15"
310237,145538,What is your preferred way to eat Spinach,Steer::SingleAnswer,Steamed,"Raw in salads/smoothies/sandwiches or wraps,Sauteed/wilted in a pan,Boiled,Baked,Steamed,In a stir-fry,Mixed into other cooking foods, ie Pasta/Rice/Cream,I don't eat Spinach,Other","17/4/2025, 10:15"
310237,142897,What is your preferred way to eat Spinach,Steer::SingleAnswer,Steamed,"Raw in salads/smoothies/sandwiches or wraps,Sauteed/wilted in a pan,Boiled,Baked,Steamed,In a stir-fry,Mixed into other cooking foods, ie Pasta/Rice/Cream,I don't eat Spinach,Other","17/4/2025, 10:14"
310237,133395,What is your preferred way to eat Spinach,Steer::SingleAnswer,Steamed,"Raw in salads/smoothies/sandwiches or wraps,Sauteed/wilted in a pan,Boiled,Baked,Steamed,In a stir-fry,Mixed into other cooking foods, ie Pasta/Rice/Cream,I don't eat Spinach,Other","17/4/2025, 10:14"
310237,129901,What is your preferred way to eat Spinach,Steer::SingleAnswer,In a stir-fry,"Raw in salads/smoothies/sandwiches or wraps,Sauteed/wilted in a pan,Boiled,Baked,Steamed,In a stir-fry,Mixed into other cooking foods, ie Pasta/Rice/Cream,I don't eat Spinach,Other","17/4/2025, 10:14"
310237,128834,What is your preferred way to eat Spinach,Steer::SingleAnswer,In a stir-fry,"Raw in salads/smoothies/sandwiches or wraps,Sauteed/wilted in a pan,Boiled,Baked,Steamed,In a stir-fry,Mixed into other cooking foods, ie Pasta/Rice/Cream,I don't eat Spinach,Other","17/4/2025, 10:13"
310237,42253,What is your preferred way to eat Spinach,Steer::SingleAnswer,In a stir-fry,"Raw in salads/smoothies/sandwiches or wraps,Sauteed/wilted in a pan,Boiled,Baked,Steamed,In a stir-fry,Mixed into other cooking foods, ie Pasta/Rice/Cream,I don't eat Spinach,Other","17/4/2025, 10:12"
310237,123746,What is your preferred way to eat Spinach,Steer::SingleAnswer,In a stir-fry,"Raw in salads/smoothies/sandwiches or wraps,Sauteed/wilted in a pan,Boiled,Baked,Steamed,In a stir-fry,Mixed into other cooking foods, ie Pasta/Rice/Cream,I don't eat Spinach,Other","17/4/2025, 10:09"
310237,122473,What is your preferred way to eat Spinach,Steer::SingleAnswer,In a stir-fry,"Raw in salads/smoothies/sandwiches or wraps,Sauteed/wilted in a pan,Boiled,Baked,Steamed,In a stir-fry,Mixed into other cooking foods, ie Pasta/Rice/Cream,I don't eat Spinach,Other","17/4/2025, 10:08"
310237,33249,What is your preferred way to eat Spinach,Steer::SingleAnswer,Steamed,"Raw in salads/smoothies/sandwiches or wraps,Sauteed/wilted in a pan,Boiled,Baked,Steamed,In a stir-fry,Mixed into other cooking foods, ie Pasta/Rice/Cream,I don't eat Spinach,Other","17/4/2025, 10:07"
310237,44049,What is your preferred way to eat Spinach,Steer::SingleAnswer,Steamed,"Raw in salads/smoothies/sandwiches or wraps,Sauteed/wilted in a pan,Boiled,Baked,Steamed,In a stir-fry,Mixed into other cooking foods, ie Pasta/Rice/Cream,I don't eat Spinach,Other","17/4/2025, 10:05"
310237,165904,What is your preferred way to eat Spinach,Steer::SingleAnswer,In a stir-fry,"Raw in salads/smoothies/sandwiches or wraps,Sauteed/wilted in a pan,Boiled,Baked,Steamed,In a stir-fry,Mixed into other cooking foods, ie Pasta/Rice/Cream,I don't eat Spinach,Other","17/4/2025, 10:03"
310237,151071,What is your preferred way to eat Spinach,Steer::SingleAnswer,In a stir-fry,"Raw in salads/smoothies/sandwiches or wraps,Sauteed/wilted in a pan,Boiled,Baked,Steamed,In a stir-fry,Mixed into other cooking foods, ie Pasta/Rice/Cream,I don't eat Spinach,Other","17/4/2025, 10:03"
310237,120963,What is your preferred way to eat Spinach,Steer::SingleAnswer,In a stir-fry,"Raw in salads/smoothies/sandwiches or wraps,Sauteed/wilted in a pan,Boiled,Baked,Steamed,In a stir-fry,Mixed into other cooking foods, ie Pasta/Rice/Cream,I don't eat Spinach,Other","17/4/2025, 10:02"
310237,127165,What is your preferred way to eat Spinach,Steer::SingleAnswer,In a stir-fry,"Raw in salads/smoothies/sandwiches or wraps,Sauteed/wilted in a pan,Boiled,Baked,Steamed,In a stir-fry,Mixed into other cooking foods, ie Pasta/Rice/Cream,I don't eat Spinach,Other","17/4/2025, 10:01"
310237,106638,What is your preferred way to eat Spinach,Steer::SingleAnswer,In a stir-fry,"Raw in salads/smoothies/sandwiches or wraps,Sauteed/wilted in a pan,Boiled,Baked,Steamed,In a stir-fry,Mixed into other cooking foods, ie Pasta/Rice/Cream,I don't eat Spinach,Other","17/4/2025, 09:56"
310237,143766,What is your preferred way to eat Spinach,Steer::SingleAnswer,Steamed,"Raw in salads/smoothies/sandwiches or wraps,Sauteed/wilted in a pan,Boiled,Baked,Steamed,In a stir-fry,Mixed into other cooking foods, ie Pasta/Rice/Cream,I don't eat Spinach,Other","17/4/2025, 09:55"
310237,125937,What is your preferred way to eat Spinach,Steer::SingleAnswer,In a stir-fry,"Raw in salads/smoothies/sandwiches or wraps,Sauteed/wilted in a pan,Boiled,Baked,Steamed,In a stir-fry,Mixed into other cooking foods, ie Pasta/Rice/Cream,I don't eat Spinach,Other","17/4/2025, 09:54"
310237,142855,What is your preferred way to eat Spinach,Steer::SingleAnswer,In a stir-fry,"Raw in salads/smoothies/sandwiches or wraps,Sauteed/wilted in a pan,Boiled,Baked,Steamed,In a stir-fry,Mixed into other cooking foods, ie Pasta/Rice/Cream,I don't eat Spinach,Other","17/4/2025, 09:54"
310237,167598,What is your preferred way to eat Spinach,Steer::SingleAnswer,In a stir-fry,"Raw in salads/smoothies/sandwiches or wraps,Sauteed/wilted in a pan,Boiled,Baked,Steamed,In a stir-fry,Mixed into other cooking foods, ie Pasta/Rice/Cream,I don't eat Spinach,Other","17/4/2025, 09:53"
310237,167619,What is your preferred way to eat Spinach,Steer::SingleAnswer,In a stir-fry,"Raw in salads/smoothies/sandwiches or wraps,Sauteed/wilted in a pan,Boiled,Baked,Steamed,In a stir-fry,Mixed into other cooking foods, ie Pasta/Rice/Cream,I don't eat Spinach,Other","17/4/2025, 09:52"
310237,48751,What is your preferred way to eat Spinach,Steer::SingleAnswer,Steamed,"Raw in salads/smoothies/sandwiches or wraps,Sauteed/wilted in a pan,Boiled,Baked,Steamed,In a stir-fry,Mixed into other cooking foods, ie Pasta/Rice/Cream,I don't eat Spinach,Other","17/4/2025, 09:51"
310237,142452,What is your preferred way to eat Spinach,Steer::SingleAnswer,Steamed,"Raw in salads/smoothies/sandwiches or wraps,Sauteed/wilted in a pan,Boiled,Baked,Steamed,In a stir-fry,Mixed into other cooking foods, ie Pasta/Rice/Cream,I don't eat Spinach,Other","17/4/2025, 09:51"
310237,142540,What is your preferred way to eat Spinach,Steer::SingleAnswer,In a stir-fry,"Raw in salads/smoothies/sandwiches or wraps,Sauteed/wilted in a pan,Boiled,Baked,Steamed,In a stir-fry,Mixed into other cooking foods, ie Pasta/Rice/Cream,I don't eat Spinach,Other","17/4/2025, 09:50"
310237,167823,What is your preferred way to eat Spinach,Steer::SingleAnswer,In a stir-fry,"Raw in salads/smoothies/sandwiches or wraps,Sauteed/wilted in a pan,Boiled,Baked,Steamed,In a stir-fry,Mixed into other cooking foods, ie Pasta/Rice/Cream,I don't eat Spinach,Other","17/4/2025, 09:49"
310237,98577,What is your preferred way to eat Spinach,Steer::SingleAnswer,In a stir-fry,"Raw in salads/smoothies/sandwiches or wraps,Sauteed/wilted in a pan,Boiled,Baked,Steamed,In a stir-fry,Mixed into other cooking foods, ie Pasta/Rice/Cream,I don't eat Spinach,Other","17/4/2025, 09:48"
310237,143897,What is your preferred way to eat Spinach,Steer::SingleAnswer,In a stir-fry,"Raw in salads/smoothies/sandwiches or wraps,Sauteed/wilted in a pan,Boiled,Baked,Steamed,In a stir-fry,Mixed into other cooking foods, ie Pasta/Rice/Cream,I don't eat Spinach,Other","17/4/2025, 09:45"
310237,39964,What is your preferred way to eat Spinach,Steer::SingleAnswer,Steamed,"Raw in salads/smoothies/sandwiches or wraps,Sauteed/wilted in a pan,Boiled,Baked,Steamed,In a stir-fry,Mixed into other cooking foods, ie Pasta/Rice/Cream,I don't eat Spinach,Other","17/4/2025, 09:44"
310237,115472,What is your preferred way to eat Spinach,Steer::SingleAnswer,In a stir-fry,"Raw in salads/smoothies/sandwiches or wraps,Sauteed/wilted in a pan,Boiled,Baked,Steamed,In a stir-fry,Mixed into other cooking foods, ie Pasta/Rice/Cream,I don't eat Spinach,Other","17/4/2025, 09:43"
310237,144029,What is your preferred way to eat Spinach,Steer::SingleAnswer,In a stir-fry,"Raw in salads/smoothies/sandwiches or wraps,Sauteed/wilted in a pan,Boiled,Baked,Steamed,In a stir-fry,Mixed into other cooking foods, ie Pasta/Rice/Cream,I don't eat Spinach,Other","17/4/2025, 09:42"
310237,142354,What is your preferred way to eat Spinach,Steer::SingleAnswer,Steamed,"Raw in salads/smoothies/sandwiches or wraps,Sauteed/wilted in a pan,Boiled,Baked,Steamed,In a stir-fry,Mixed into other cooking foods, ie Pasta/Rice/Cream,I don't eat Spinach,Other","17/4/2025, 09:41"
310237,162322,What is your preferred way to eat Spinach,Steer::SingleAnswer,In a stir-fry,"Raw in salads/smoothies/sandwiches or wraps,Sauteed/wilted in a pan,Boiled,Baked,Steamed,In a stir-fry,Mixed into other cooking foods, ie Pasta/Rice/Cream,I don't eat Spinach,Other","17/4/2025, 09:41"
310237,38751,What is your preferred way to eat Spinach,Steer::SingleAnswer,Steamed,"Raw in salads/smoothies/sandwiches or wraps,Sauteed/wilted in a pan,Boiled,Baked,Steamed,In a stir-fry,Mixed into other cooking foods, ie Pasta/Rice/Cream,I don't eat Spinach,Other","17/4/2025, 09:40"
310237,122333,What is your preferred way to eat Spinach,Steer::SingleAnswer,In a stir-fry,"Raw in salads/smoothies/sandwiches or wraps,Sauteed/wilted in a pan,Boiled,Baked,Steamed,In a stir-fry,Mixed into other cooking foods, ie Pasta/Rice/Cream,I don't eat Spinach,Other","17/4/2025, 09:52"
310237,138387,What is your preferred way to eat Spinach,Steer::SingleAnswer,Steamed,"Raw in salads/smoothies/sandwiches or wraps,Sauteed/wilted in a pan,Boiled,Baked,Steamed,In a stir-fry,Mixed into other cooking foods, ie Pasta/Rice/Cream,I don't eat Spinach,Other","17/4/2025, 09:36"
310237,162458,What is your preferred way to eat Spinach,Steer::SingleAnswer,In a stir-fry,"Raw in salads/smoothies/sandwiches or wraps,Sauteed/wilted in a pan,Boiled,Baked,Steamed,In a stir-fry,Mixed into other cooking foods, ie Pasta/Rice/Cream,I don't eat Spinach,Other","17/4/2025, 09:36"
310237,129485,What is your preferred way to eat Spinach,Steer::SingleAnswer,In a stir-fry,"Raw in salads/smoothies/sandwiches or wraps,Sauteed/wilted in a pan,Boiled,Baked,Steamed,In a stir-fry,Mixed into other cooking foods, ie Pasta/Rice/Cream,I don't eat Spinach,Other","17/4/2025, 09:36"
310237,115027,What is your preferred way to eat Spinach,Steer::SingleAnswer,In a stir-fry,"Raw in salads/smoothies/sandwiches or wraps,Sauteed/wilted in a pan,Boiled,Baked,Steamed,In a stir-fry,Mixed into other cooking foods, ie Pasta/Rice/Cream,I don't eat Spinach,Other","17/4/2025, 09:35"
310237,134186,What is your preferred way to eat Spinach,Steer::SingleAnswer,In a stir-fry,"Raw in salads/smoothies/sandwiches or wraps,Sauteed/wilted in a pan,Boiled,Baked,Steamed,In a stir-fry,Mixed into other cooking foods, ie Pasta/Rice/Cream,I don't eat Spinach,Other","17/4/2025, 09:35"
310237,152701,What is your preferred way to eat Spinach,Steer::SingleAnswer,In a stir-fry,"Raw in salads/smoothies/sandwiches or wraps,Sauteed/wilted in a pan,Boiled,Baked,Steamed,In a stir-fry,Mixed into other cooking foods, ie Pasta/Rice/Cream,I don't eat Spinach,Other","17/4/2025, 09:34"
310237,157584,What is your preferred way to eat Spinach,Steer::SingleAnswer,In a stir-fry,"Raw in salads/smoothies/sandwiches or wraps,Sauteed/wilted in a pan,Boiled,Baked,Steamed,In a stir-fry,Mixed into other cooking foods, ie Pasta/Rice/Cream,I don't eat Spinach,Other","17/4/2025, 09:34"
310237,110149,What is your preferred way to eat Spinach,Steer::SingleAnswer,In a stir-fry,"Raw in salads/smoothies/sandwiches or wraps,Sauteed/wilted in a pan,Boiled,Baked,Steamed,In a stir-fry,Mixed into other cooking foods, ie Pasta/Rice/Cream,I don't eat Spinach,Other","17/4/2025, 09:34"
310237,18697,What is your preferred way to eat Spinach,Steer::SingleAnswer,In a stir-fry,"Raw in salads/smoothies/sandwiches or wraps,Sauteed/wilted in a pan,Boiled,Baked,Steamed,In a stir-fry,Mixed into other cooking foods, ie Pasta/Rice/Cream,I don't eat Spinach,Other","17/4/2025, 09:34"
310237,46335,What is your preferred way to eat Spinach,Steer::SingleAnswer,Steamed,"Raw in salads/smoothies/sandwiches or wraps,Sauteed/wilted in a pan,Boiled,Baked,Steamed,In a stir-fry,Mixed into other cooking foods, ie Pasta/Rice/Cream,I don't eat Spinach,Other","17/4/2025, 09:33"
310237,126652,What is your preferred way to eat Spinach,Steer::SingleAnswer,Steamed,"Raw in salads/smoothies/sandwiches or wraps,Sauteed/wilted in a pan,Boiled,Baked,Steamed,In a stir-fry,Mixed into other cooking foods, ie Pasta/Rice/Cream,I don't eat Spinach,Other","17/4/2025, 09:33"
310237,103852,What is your preferred way to eat Spinach,Steer::SingleAnswer,Steamed,"Raw in salads/smoothies/sandwiches or wraps,Sauteed/wilted in a pan,Boiled,Baked,Steamed,In a stir-fry,Mixed into other cooking foods, ie Pasta/Rice/Cream,I don't eat Spinach,Other","17/4/2025, 09:33"
310237,102278,What is your preferred way to eat Spinach,Steer::SingleAnswer,In a stir-fry,"Raw in salads/smoothies/sandwiches or wraps,Sauteed/wilted in a pan,Boiled,Baked,Steamed,In a stir-fry,Mixed into other cooking foods, ie Pasta/Rice/Cream,I don't eat Spinach,Other","17/4/2025, 09:32"
310237,123730,What is your preferred way to eat Spinach,Steer::SingleAnswer,In a stir-fry,"Raw in salads/smoothies/sandwiches or wraps,Sauteed/wilted in a pan,Boiled,Baked,Steamed,In a stir-fry,Mixed into other cooking foods, ie Pasta/Rice/Cream,I don't eat Spinach,Other","17/4/2025, 09:32"
310237,112977,What is your preferred way to eat Spinach,Steer::SingleAnswer,In a stir-fry,"Raw in salads/smoothies/sandwiches or wraps,Sauteed/wilted in a pan,Boiled,Baked,Steamed,In a stir-fry,Mixed into other cooking foods, ie Pasta/Rice/Cream,I don't eat Spinach,Other","17/4/2025, 09:32"
310237,50087,What is your preferred way to eat Spinach,Steer::SingleAnswer,In a stir-fry,"Raw in salads/smoothies/sandwiches or wraps,Sauteed/wilted in a pan,Boiled,Baked,Steamed,In a stir-fry,Mixed into other cooking foods, ie Pasta/Rice/Cream,I don't eat Spinach,Other","17/4/2025, 09:31"
310237,134597,What is your preferred way to eat Spinach,Steer::SingleAnswer,Steamed,"Raw in salads/smoothies/sandwiches or wraps,Sauteed/wilted in a pan,Boiled,Baked,Steamed,In a stir-fry,Mixed into other cooking foods, ie Pasta/Rice/Cream,I don't eat Spinach,Other","17/4/2025, 09:31"
310237,122438,What is your preferred way to eat Spinach,Steer::SingleAnswer,In a stir-fry,"Raw in salads/smoothies/sandwiches or wraps,Sauteed/wilted in a pan,Boiled,Baked,Steamed,In a stir-fry,Mixed into other cooking foods, ie Pasta/Rice/Cream,I don't eat Spinach,Other","17/4/2025, 09:31"
310237,121752,What is your preferred way to eat Spinach,Steer::SingleAnswer,I don't eat Spinach,"Raw in salads/smoothies/sandwiches or wraps,Sauteed/wilted in a pan,Boiled,Baked,Steamed,In a stir-fry,Mixed into other cooking foods, ie Pasta/Rice/Cream,I don't eat Spinach,Other","17/4/2025, 10:30"
310237,110052,What is your preferred way to eat Spinach,Steer::SingleAnswer,Boiled,"Raw in salads/smoothies/sandwiches or wraps,Sauteed/wilted in a pan,Boiled,Baked,Steamed,In a stir-fry,Mixed into other cooking foods, ie Pasta/Rice/Cream,I don't eat Spinach,Other","17/4/2025, 10:30"
310237,48627,What is your preferred way to eat Spinach,Steer::SingleAnswer,I don't eat Spinach,"Raw in salads/smoothies/sandwiches or wraps,Sauteed/wilted in a pan,Boiled,Baked,Steamed,In a stir-fry,Mixed into other cooking foods, ie Pasta/Rice/Cream,I don't eat Spinach,Other","17/4/2025, 10:28"
310237,53196,What is your preferred way to eat Spinach,Steer::SingleAnswer,I don't eat Spinach,"Raw in salads/smoothies/sandwiches or wraps,Sauteed/wilted in a pan,Boiled,Baked,Steamed,In a stir-fry,Mixed into other cooking foods, ie Pasta/Rice/Cream,I don't eat Spinach,Other","17/4/2025, 10:28"
310237,110084,What is your preferred way to eat Spinach,Steer::SingleAnswer,I don't eat Spinach,"Raw in salads/smoothies/sandwiches or wraps,Sauteed/wilted in a pan,Boiled,Baked,Steamed,In a stir-fry,Mixed into other cooking foods, ie Pasta/Rice/Cream,I don't eat Spinach,Other","17/4/2025, 10:28"
310237,41191,What is your preferred way to eat Spinach,Steer::SingleAnswer,Boiled,"Raw in salads/smoothies/sandwiches or wraps,Sauteed/wilted in a pan,Boiled,Baked,Steamed,In a stir-fry,Mixed into other cooking foods, ie Pasta/Rice/Cream,I don't eat Spinach,Other","17/4/2025, 10:27"
310237,110090,What is your preferred way to eat Spinach,Steer::SingleAnswer,I don't eat Spinach,"Raw in salads/smoothies/sandwiches or wraps,Sauteed/wilted in a pan,Boiled,Baked,Steamed,In a stir-fry,Mixed into other cooking foods, ie Pasta/Rice/Cream,I don't eat Spinach,Other","17/4/2025, 10:23"
310237,126094,What is your preferred way to eat Spinach,Steer::SingleAnswer,Boiled,"Raw in salads/smoothies/sandwiches or wraps,Sauteed/wilted in a pan,Boiled,Baked,Steamed,In a stir-fry,Mixed into other cooking foods, ie Pasta/Rice/Cream,I don't eat Spinach,Other","17/4/2025, 10:23"
310237,47847,What is your preferred way to eat Spinach,Steer::SingleAnswer,I don't eat Spinach,"Raw in salads/smoothies/sandwiches or wraps,Sauteed/wilted in a pan,Boiled,Baked,Steamed,In a stir-fry,Mixed into other cooking foods, ie Pasta/Rice/Cream,I don't eat Spinach,Other","17/4/2025, 10:21"
310237,166773,What is your preferred way to eat Spinach,Steer::SingleAnswer,Boiled,"Raw in salads/smoothies/sandwiches or wraps,Sauteed/wilted in a pan,Boiled,Baked,Steamed,In a stir-fry,Mixed into other cooking foods, ie Pasta/Rice/Cream,I don't eat Spinach,Other","17/4/2025, 10:20"
310237,138945,What is your preferred way to eat Spinach,Steer::SingleAnswer,I don't eat Spinach,"Raw in salads/smoothies/sandwiches or wraps,Sauteed/wilted in a pan,Boiled,Baked,Steamed,In a stir-fry,Mixed into other cooking foods, ie Pasta/Rice/Cream,I don't eat Spinach,Other","17/4/2025, 10:19"
310237,49104,What is your preferred way to eat Spinach,Steer::SingleAnswer,I don't eat Spinach,"Raw in salads/smoothies/sandwiches or wraps,Sauteed/wilted in a pan,Boiled,Baked,Steamed,In a stir-fry,Mixed into other cooking foods, ie Pasta/Rice/Cream,I don't eat Spinach,Other","17/4/2025, 10:18"
310237,141788,What is your preferred way to eat Spinach,Steer::SingleAnswer,Boiled,"Raw in salads/smoothies/sandwiches or wraps,Sauteed/wilted in a pan,Boiled,Baked,Steamed,In a stir-fry,Mixed into other cooking foods, ie Pasta/Rice/Cream,I don't eat Spinach,Other","17/4/2025, 10:17"
310237,138240,What is your preferred way to eat Spinach,Steer::SingleAnswer,I don't eat Spinach,"Raw in salads/smoothies/sandwiches or wraps,Sauteed/wilted in a pan,Boiled,Baked,Steamed,In a stir-fry,Mixed into other cooking foods, ie Pasta/Rice/Cream,I don't eat Spinach,Other","17/4/2025, 10:16"
310237,164469,What is your preferred way to eat Spinach,Steer::SingleAnswer,I don't eat Spinach,"Raw in salads/smoothies/sandwiches or wraps,Sauteed/wilted in a pan,Boiled,Baked,Steamed,In a stir-fry,Mixed into other cooking foods, ie Pasta/Rice/Cream,I don't eat Spinach,Other","17/4/2025, 10:16"
310237,29726,What is your preferred way to eat Spinach,Steer::SingleAnswer,I don't eat Spinach,"Raw in salads/smoothies/sandwiches or wraps,Sauteed/wilted in a pan,Boiled,Baked,Steamed,In a stir-fry,Mixed into other cooking foods, ie Pasta/Rice/Cream,I don't eat Spinach,Other","17/4/2025, 10:13"
310237,167315,What is your preferred way to eat Spinach,Steer::SingleAnswer,I don't eat Spinach,"Raw in salads/smoothies/sandwiches or wraps,Sauteed/wilted in a pan,Boiled,Baked,Steamed,In a stir-fry,Mixed into other cooking foods, ie Pasta/Rice/Cream,I don't eat Spinach,Other","17/4/2025, 10:12"
310237,126077,What is your preferred way to eat Spinach,Steer::SingleAnswer,Boiled,"Raw in salads/smoothies/sandwiches or wraps,Sauteed/wilted in a pan,Boiled,Baked,Steamed,In a stir-fry,Mixed into other cooking foods, ie Pasta/Rice/Cream,I don't eat Spinach,Other","17/4/2025, 10:06"
310237,20507,What is your preferred way to eat Spinach,Steer::SingleAnswer,I don't eat Spinach,"Raw in salads/smoothies/sandwiches or wraps,Sauteed/wilted in a pan,Boiled,Baked,Steamed,In a stir-fry,Mixed into other cooking foods, ie Pasta/Rice/Cream,I don't eat Spinach,Other","17/4/2025, 10:06"
310237,38600,What is your preferred way to eat Spinach,Steer::SingleAnswer,Boiled,"Raw in salads/smoothies/sandwiches or wraps,Sauteed/wilted in a pan,Boiled,Baked,Steamed,In a stir-fry,Mixed into other cooking foods, ie Pasta/Rice/Cream,I don't eat Spinach,Other","17/4/2025, 10:03"
310237,122958,What is your preferred way to eat Spinach,Steer::SingleAnswer,I don't eat Spinach,"Raw in salads/smoothies/sandwiches or wraps,Sauteed/wilted in a pan,Boiled,Baked,Steamed,In a stir-fry,Mixed into other cooking foods, ie Pasta/Rice/Cream,I don't eat Spinach,Other","17/4/2025, 10:03"
310237,164095,What is your preferred way to eat Spinach,Steer::SingleAnswer,I don't eat Spinach,"Raw in salads/smoothies/sandwiches or wraps,Sauteed/wilted in a pan,Boiled,Baked,Steamed,In a stir-fry,Mixed into other cooking foods, ie Pasta/Rice/Cream,I don't eat Spinach,Other","17/4/2025, 10:02"
310237,117928,What is your preferred way to eat Spinach,Steer::SingleAnswer,Boiled,"Raw in salads/smoothies/sandwiches or wraps,Sauteed/wilted in a pan,Boiled,Baked,Steamed,In a stir-fry,Mixed into other cooking foods, ie Pasta/Rice/Cream,I don't eat Spinach,Other","17/4/2025, 10:02"
310237,129541,What is your preferred way to eat Spinach,Steer::SingleAnswer,I don't eat Spinach,"Raw in salads/smoothies/sandwiches or wraps,Sauteed/wilted in a pan,Boiled,Baked,Steamed,In a stir-fry,Mixed into other cooking foods, ie Pasta/Rice/Cream,I don't eat Spinach,Other","17/4/2025, 10:01"
310237,53658,What is your preferred way to eat Spinach,Steer::SingleAnswer,Boiled,"Raw in salads/smoothies/sandwiches or wraps,Sauteed/wilted in a pan,Boiled,Baked,Steamed,In a stir-fry,Mixed into other cooking foods, ie Pasta/Rice/Cream,I don't eat Spinach,Other","17/4/2025, 09:59"
310237,131403,What is your preferred way to eat Spinach,Steer::SingleAnswer,Boiled,"Raw in salads/smoothies/sandwiches or wraps,Sauteed/wilted in a pan,Boiled,Baked,Steamed,In a stir-fry,Mixed into other cooking foods, ie Pasta/Rice/Cream,I don't eat Spinach,Other","17/4/2025, 09:59"
310237,153819,What is your preferred way to eat Spinach,Steer::SingleAnswer,I don't eat Spinach,"Raw in salads/smoothies/sandwiches or wraps,Sauteed/wilted in a pan,Boiled,Baked,Steamed,In a stir-fry,Mixed into other cooking foods, ie Pasta/Rice/Cream,I don't eat Spinach,Other","17/4/2025, 09:58"
310237,141574,What is your preferred way to eat Spinach,Steer::SingleAnswer,I don't eat Spinach,"Raw in salads/smoothies/sandwiches or wraps,Sauteed/wilted in a pan,Boiled,Baked,Steamed,In a stir-fry,Mixed into other cooking foods, ie Pasta/Rice/Cream,I don't eat Spinach,Other","17/4/2025, 09:57"
310237,154676,What is your preferred way to eat Spinach,Steer::SingleAnswer,I don't eat Spinach,"Raw in salads/smoothies/sandwiches or wraps,Sauteed/wilted in a pan,Boiled,Baked,Steamed,In a stir-fry,Mixed into other cooking foods, ie Pasta/Rice/Cream,I don't eat Spinach,Other","17/4/2025, 09:56"
310237,122963,What is your preferred way to eat Spinach,Steer::SingleAnswer,Boiled,"Raw in salads/smoothies/sandwiches or wraps,Sauteed/wilted in a pan,Boiled,Baked,Steamed,In a stir-fry,Mixed into other cooking foods, ie Pasta/Rice/Cream,I don't eat Spinach,Other","17/4/2025, 09:54"
310237,121562,What is your preferred way to eat Spinach,Steer::SingleAnswer,I don't eat Spinach,"Raw in salads/smoothies/sandwiches or wraps,Sauteed/wilted in a pan,Boiled,Baked,Steamed,In a stir-fry,Mixed into other cooking foods, ie Pasta/Rice/Cream,I don't eat Spinach,Other","17/4/2025, 09:46"
310237,127432,What is your preferred way to eat Spinach,Steer::SingleAnswer,I don't eat Spinach,"Raw in salads/smoothies/sandwiches or wraps,Sauteed/wilted in a pan,Boiled,Baked,Steamed,In a stir-fry,Mixed into other cooking foods, ie Pasta/Rice/Cream,I don't eat Spinach,Other","17/4/2025, 09:41"
310237,140294,What is your preferred way to eat Spinach,Steer::SingleAnswer,I don't eat Spinach,"Raw in salads/smoothies/sandwiches or wraps,Sauteed/wilted in a pan,Boiled,Baked,Steamed,In a stir-fry,Mixed into other cooking foods, ie Pasta/Rice/Cream,I don't eat Spinach,Other","17/4/2025, 09:40"
310237,123012,What is your preferred way to eat Spinach,Steer::SingleAnswer,I don't eat Spinach,"Raw in salads/smoothies/sandwiches or wraps,Sauteed/wilted in a pan,Boiled,Baked,Steamed,In a stir-fry,Mixed into other cooking foods, ie Pasta/Rice/Cream,I don't eat Spinach,Other","17/4/2025, 09:40"
310237,148782,What is your preferred way to eat Spinach,Steer::SingleAnswer,Boiled,"Raw in salads/smoothies/sandwiches or wraps,Sauteed/wilted in a pan,Boiled,Baked,Steamed,In a stir-fry,Mixed into other cooking foods, ie Pasta/Rice/Cream,I don't eat Spinach,Other","17/4/2025, 09:40"
310237,43713,What is your preferred way to eat Spinach,Steer::SingleAnswer,I don't eat Spinach,"Raw in salads/smoothies/sandwiches or wraps,Sauteed/wilted in a pan,Boiled,Baked,Steamed,In a stir-fry,Mixed into other cooking foods, ie Pasta/Rice/Cream,I don't eat Spinach,Other","17/4/2025, 09:39"
310237,122478,What is your preferred way to eat Spinach,Steer::SingleAnswer,Boiled,"Raw in salads/smoothies/sandwiches or wraps,Sauteed/wilted in a pan,Boiled,Baked,Steamed,In a stir-fry,Mixed into other cooking foods, ie Pasta/Rice/Cream,I don't eat Spinach,Other","17/4/2025, 09:38"
310237,93085,What is your preferred way to eat Spinach,Steer::SingleAnswer,Boiled,"Raw in salads/smoothies/sandwiches or wraps,Sauteed/wilted in a pan,Boiled,Baked,Steamed,In a stir-fry,Mixed into other cooking foods, ie Pasta/Rice/Cream,I don't eat Spinach,Other","17/4/2025, 09:36"
310237,141452,What is your preferred way to eat Spinach,Steer::SingleAnswer,I don't eat Spinach,"Raw in salads/smoothies/sandwiches or wraps,Sauteed/wilted in a pan,Boiled,Baked,Steamed,In a stir-fry,Mixed into other cooking foods, ie Pasta/Rice/Cream,I don't eat Spinach,Other","17/4/2025, 09:36"
310237,121780,What is your preferred way to eat Spinach,Steer::SingleAnswer,Boiled,"Raw in salads/smoothies/sandwiches or wraps,Sauteed/wilted in a pan,Boiled,Baked,Steamed,In a stir-fry,Mixed into other cooking foods, ie Pasta/Rice/Cream,I don't eat Spinach,Other","17/4/2025, 09:36"
310237,37238,What is your preferred way to eat Spinach,Steer::SingleAnswer,I don't eat Spinach,"Raw in salads/smoothies/sandwiches or wraps,Sauteed/wilted in a pan,Boiled,Baked,Steamed,In a stir-fry,Mixed into other cooking foods, ie Pasta/Rice/Cream,I don't eat Spinach,Other","17/4/2025, 09:35"
310237,153660,What is your preferred way to eat Spinach,Steer::SingleAnswer,I don't eat Spinach,"Raw in salads/smoothies/sandwiches or wraps,Sauteed/wilted in a pan,Boiled,Baked,Steamed,In a stir-fry,Mixed into other cooking foods, ie Pasta/Rice/Cream,I don't eat Spinach,Other","17/4/2025, 09:32"
310237,155999,What is your preferred way to eat Spinach,Steer::SingleAnswer,I don't eat Spinach,"Raw in salads/smoothies/sandwiches or wraps,Sauteed/wilted in a pan,Boiled,Baked,Steamed,In a stir-fry,Mixed into other cooking foods, ie Pasta/Rice/Cream,I don't eat Spinach,Other","17/4/2025, 09:31"
310237,124041,What is your preferred way to eat Spinach,Steer::SingleAnswer,I don't eat Spinach,"Raw in salads/smoothies/sandwiches or wraps,Sauteed/wilted in a pan,Boiled,Baked,Steamed,In a stir-fry,Mixed into other cooking foods, ie Pasta/Rice/Cream,I don't eat Spinach,Other","17/4/2025, 09:31"
310237,114915,What is your preferred way to eat Spinach,Steer::SingleAnswer,I don't eat Spinach,"Raw in salads/smoothies/sandwiches or wraps,Sauteed/wilted in a pan,Boiled,Baked,Steamed,In a stir-fry,Mixed into other cooking foods, ie Pasta/Rice/Cream,I don't eat Spinach,Other","17/4/2025, 09:31"
310237,145501,What is your preferred way to eat Spinach,Steer::SingleAnswer,I don't eat Spinach,"Raw in salads/smoothies/sandwiches or wraps,Sauteed/wilted in a pan,Boiled,Baked,Steamed,In a stir-fry,Mixed into other cooking foods, ie Pasta/Rice/Cream,I don't eat Spinach,Other","17/4/2025, 09:30"
